FrameID,StepTime,Nsamples,F11,F12,F21,F22,P11,P12,P21,P22,G111,G112,G121,G122,G211,G212,G221,G222,Q111,Q112,Q121,Q122,Q211,Q212,Q221,Q222,ALLSE_mean,W_mean,Jmin,FfitResid,Area,RF_Left_X,RF_Left_Y,RF_Right_X,RF_Right_Y,RF_Bottom_X,RF_Bottom_Y,RF_Top_X,RF_Top_Y,Ubar1,Ubar2,KubcErrF,KubcErrG,NX,NY,Lx_tot,Ly_tot,Rfrac,meshFrac,kappaMat,Elongation,NFRAMES,CaseID,MaterialID,LoadCase
0,0.00000000,9,1.0000000000e+00,0.0000000000e+00,0.0000000000e+00,1.0000000000e+00,0.0000000000e+00,0.0000000000e+00,0.0000000000e+00,0.0000000000e+00,0.0000000000e+00,0.0000000000e+00,0.0000000000e+00,0.0000000000e+00,0.0000000000e+00,0.0000000000e+00,0.0000000000e+00,0.0000000000e+00,0.0000000000e+00,0.0000000000e+00,0.0000000000e+00,0.0000000000e+00,0.0000000000e+00,0.0000000000e+00,0.0000000000e+00,0.0000000000e+00,0.0000000000e+00,0.0000000000e+00,1.0000000000e+00,0.0000000000e+00,9.0000000000e-02,0.0000000000e+00,0.0000000000e+00,0.0000000000e+00,0.0000000000e+00,0.0000000000e+00,0.0000000000e+00,0.0000000000e+00,0.0000000000e+00,0.0000000000e+00,0.0000000000e+00,8.8817841970e-16,0.0000000000e+00,6,6,3.0000000000e-01,3.0000000000e-01,3.0000000000e-01,3.0000000000e-02,1.0000000000e+00,1.0000000000e+00,10,8,NNe1,NC_k0008
1,0.10000000,9,1.0234638683e+00,4.4453822684e-04,4.4454118245e-04,9.7978353983e-01,3.9858760341e+01,7.0769133045e-01,7.0769140292e-01,-2.9678895299e+01,3.9049760519e-08,3.1806771755e-09,4.5273889183e-09,-5.6035151815e-09,1.8244869494e-09,-4.4545709824e-11,4.6107130566e-09,-4.0364355793e-09,4.2210305236e-07,6.9608125259e-08,7.1074439867e-08,1.4971391864e-07,6.9476997496e-08,1.4200525951e-07,1.9957864188e-07,1.8391106560e-07,6.9286122918e-02,7.6984581020e-01,1.0027700527e+00,1.1300788573e-07,9.0000000000e-02,-1.1957640741e+01,-2.1229203234e-01,1.1957639181e+01,2.1229409165e-01,-2.1229278658e-01,8.9036503800e+00,2.1229416073e-01,-8.9036522643e+00,6.9226882437e-12,-1.0610718139e-11,3.4186816859e-09,4.6107130566e-09,6,6,3.0000000000e-01,3.0000000000e-01,3.0000000000e-01,3.0000000000e-02,1.0000000000e+00,1.0000000000e+00,10,8,NNe1,NC_k0008
2,0.20000000,9,1.0469277366e+00,8.8907645368e-04,8.8908236491e-04,9.5956707965e-01,7.6622126722e+01,1.4117454292e+00,1.4117456633e+00,-6.2095752756e+01,7.8079557310e-08,6.3613540498e-09,9.0547778328e-09,-1.1226993789e-08,3.5920261485e-09,-8.9091419785e-11,9.2214293854e-09,-8.1298190116e-09,8.1811443808e-07,1.2716205340e-07,1.3253867829e-07,3.2982784714e-07,1.2713459990e-07,2.9690018001e-07,4.0479530283e-07,3.7983024859e-07,2.7593863010e-01,3.0659847789e+00,1.0045909924e+00,2.2636256866e-07,9.0000000000e-02,-2.2986662729e+01,-4.2349232830e-01,2.2986659710e+01,4.2349651308e-01,-4.2349461547e-01,1.8628688370e+01,4.2349730487e-01,-1.8628692196e+01,1.3995123179e-11,-2.0794267818e-11,6.8373633716e-09,9.2214293854e-09,6,6,3.0000000000e-01,3.0000000000e-01,3.0000000000e-01,3.0000000000e-02,1.0000000000e+00,1.0000000000e+00,10,8,NNe1,NC_k0008
3,0.30000001,9,1.0703916049e+00,1.3336146805e-03,1.3336235474e-03,9.3935061948e-01,1.1053965430e+02,2.1173973236e+00,2.1173977281e+00,-9.7515407449e+01,1.1719965455e-07,9.5420309291e-09,1.3582166738e-08,-1.6760174496e-08,5.3412358536e-09,-1.3363712609e-10,1.3832143908e-08,-1.2241531791e-08,1.2044847644e-06,1.4963377069e-07,1.8418552005e-07,5.4314204959e-07,1.7426370505e-07,4.6420131062e-07,6.1055007747e-07,6.0458400892e-07,6.1890745163e-01,6.8767494626e+00,1.0054627020e+00,3.3971232302e-07,9.0000000000e-02,-3.3161932538e+01,-6.3517131398e-01,3.3161928059e+01,6.3517769687e-01,-6.3517592683e-01,2.9254563305e+01,6.3517987864e-01,-2.9254569122e+01,2.0390228405e-11,-3.0840326922e-11,1.0222924412e-08,1.3832143908e-08,6,6,3.0000000000e-01,3.0000000000e-01,3.0000000000e-01,3.0000000000e-02,1.0000000000e+00,1.0000000000e+00,10,8,NNe1,NC_k0008
4,0.40000001,9,1.0938554732e+00,1.7781529074e-03,1.7781647298e-03,9.1913415930e-01,1.4184903726e+02,2.8298836702e+00,2.8298841780e+00,-1.3621471613e+02,1.5622969786e-07,1.2722707864e-08,1.8109555666e-08,-2.2383407429e-08,7.0471811152e-09,-1.7818283937e-10,1.8442857888e-08,-1.6396509125e-08,1.5431155508e-06,1.5839799713e-07,2.2577225454e-07,7.9262427077e-07,2.1202153479e-07,6.4325053511e-07,7.9752309448e-07,8.4788649726e-07,1.0981495380e+00,1.2201661534e+01,1.0053854197e+00,4.5398396352e-07,9.0000000000e-02,-4.2554757598e+01,-8.4889992641e-01,4.2554751760e+01,8.4890858176e-01,-8.4890767860e-01,4.0864333991e+01,8.4891283868e-01,-4.0864341836e+01,2.7460820799e-11,-4.0561856825e-11,1.3674726744e-08,1.8442857888e-08,6,6,3.0000000000e-01,3.0000000000e-01,3.0000000000e-01,3.0000000000e-02,1.0000000000e+00,1.0000000000e+00,10,8,NNe1,NC_k0008
5,0.50000000,9,1.1173193414e+00,2.2226911342e-03,2.2227059123e-03,8.9891769913e-01,1.7077781285e+02,3.5544801216e+00,3.5544805367e+00,-1.7848449559e+02,1.9544617473e-07,1.5903384813e-08,2.2636944570e-08,-2.7820208986e-08,8.6291815004e-09,-2.2272853131e-10,2.3053572550e-08,-2.0675431410e-08,1.9571813907e-06,1.4221305076e-07,2.5676775805e-07,1.0820676495e-06,2.4141867225e-07,8.3409902312e-07,9.8589206860e-07,1.1439282054e-06,1.7146292925e+00,1.9051436583e+01,1.0043588362e+00,5.6816326774e-07,9.0000000000e-02,-5.1233403867e+01,-1.0662607167e+00,5.1233396726e+01,1.0662717288e+00,-1.0662724540e+00,5.3545243062e+01,1.0662787709e+00,-5.3545252949e+01,3.3132980168e-11,-4.9353668943e-11,1.7126529070e-08,2.3053572550e-08,6,6,3.0000000000e-01,3.0000000000e-01,3.0000000000e-01,3.0000000000e-02,1.0000000000e+00,1.0000000000e+00,10,8,NNe1,NC_k0008
6,0.60000002,9,1.1407832097e+00,2.6672293610e-03,2.6672470947e-03,8.7870123895e-01,1.9754494834e+02,4.2965382673e+00,4.2965383920e+00,-2.2463166404e+02,2.3445958186e-07,1.9084061783e-08,2.7164333474e-08,-3.3460072607e-08,1.0415726320e-08,-2.6727425201e-10,2.7664285848e-08,-2.4749809219e-08,2.2099349289e-06,1.9435185684e-07,2.7707125394e-07,1.4155669225e-06,2.6356876428e-07,1.0366080008e-06,1.2116118837e-06,1.3661487844e-06,2.4703264236e+00,2.7448071374e+01,1.0023832411e+00,6.8238622466e-07,9.0000000000e-02,-5.9263553525e+01,-1.2888591461e+00,5.9263545216e+01,1.2888725994e+00,-1.2888757536e+00,6.7389368238e+01,1.2888831789e+00,-6.7389380280e+01,4.0328320412e-11,-5.9679781021e-11,2.0445848824e-08,2.7664285848e-08,6,6,3.0000000000e-01,3.0000000000e-01,3.0000000000e-01,3.0000000000e-02,1.0000000000e+00,1.0000000000e+00,10,8,NNe1,NC_k0008
7,0.69999999,9,1.1642470780e+00,3.1117675879e-03,3.1117882772e-03,8.5848477878e-01,2.2236211571e+02,5.0615257348e+00,5.0615251877e+00,-2.7498174616e+02,2.7344095181e-07,2.2264738728e-08,3.1691722398e-08,-3.9131984561e-08,1.2182781979e-08,-3.1181995044e-10,3.2275001675e-08,-2.8843676192e-08,2.5340957431e-06,8.9092904644e-08,2.8495166909e-07,1.7983502183e-06,2.7882615030e-07,1.2505218665e-06,1.4254089952e-06,1.6192595652e-06,3.3682501316e+00,3.7425001462e+01,9.9945867588e-01,7.9712205400e-07,9.0000000000e-02,-6.6708714787e+01,-1.5183353429e+00,6.6708705326e+01,1.5183513287e+00,-1.5183577362e+00,8.2494367405e+01,1.5183662274e+00,-8.2494381704e+01,4.7764057189e-11,-6.9859703462e-11,2.4179182989e-08,3.2275001675e-08,6,6,3.0000000000e-01,3.0000000000e-01,3.0000000000e-01,3.0000000000e-02,1.0000000000e+00,1.0000000000e+00,10,8,NNe1,NC_k0008
8,0.80000001,9,1.1877109463e+00,3.5563058147e-03,3.5563294596e-03,8.3826831860e-01,2.4543500909e+02,5.8550669831e+00,5.8550653575e+00,-3.2988172836e+02,3.1252448833e-07,2.5445415542e-08,3.6219111332e-08,-4.4701723991e-08,1.3586366747e-08,-3.5636567916e-10,3.6885715795e-08,-3.3301014013e-08,2.7393619213e-06,1.5915319361e-07,2.8115667998e-07,2.2349636034e-06,2.8800975517e-07,1.4763063191e-06,1.6597328968e-06,1.9089504241e-06,4.4124622345e+00,4.9027358161e+01,9.9558480157e-01,9.1243692334e-07,9.0000000000e-02,-7.3630591809e+01,-1.7563765641e+00,7.3630581133e+01,1.7563951788e+00,-1.7564057185e+00,9.8964335562e+01,1.7564152259e+00,-9.8964352094e+01,5.4433390424e-11,-7.7313209457e-11,2.7349453483e-08,3.6885715795e-08,6,6,3.0000000000e-01,3.0000000000e-01,3.0000000000e-01,3.0000000000e-02,1.0000000000e+00,1.0000000000e+00,10,8,NNe1,NC_k0008
9,0.89999998,9,1.2111748146e+00,4.0008440415e-03,4.0008706421e-03,8.1805185843e-01,2.6696442453e+02,6.6829892806e+00,6.6829860750e+00,-3.8970339151e+02,3.5157279164e-07,2.8626092597e-08,4.0746500213e-08,-5.0306697889e-08,1.5025415973e-08,-4.0091135389e-10,4.1496432686e-08,-3.7722887414e-08,3.0021253970e-06,8.8446177952e-08,2.6388236808e-07,2.7329884401e-06,2.9271547181e-07,1.7136789102e-06,1.7573100814e-06,2.3315017279e-06,5.6081070900e+00,6.2312301000e+01,9.9076176790e-01,1.0274602156e-06,9.0000000000e-02,-8.0089424440e+01,-2.0047307594e+00,8.0089412785e+01,2.0047521173e+00,-2.0047677127e+00,1.1691079588e+02,2.0047781989e+00,-1.1691081486e+02,6.1367021129e-11,-8.5032736379e-11,3.2808941230e-08,4.1496432686e-08,6,6,3.0000000000e-01,3.0000000000e-01,3.0000000000e-01,3.0000000000e-02,1.0000000000e+00,1.0000000000e+00,10,8,NNe1,NC_k0008
10,1.00000000,9,1.2346386829e+00,4.4453822684e-03,4.4454118245e-03,7.9783539825e-01,2.8714731973e+02,7.5513712926e+00,7.5513658125e+00,-4.5484703152e+02,3.9090598185e-07,3.1806769622e-08,4.5273889141e-08,-5.5626782897e-08,1.6550881148e-08,-4.4545706296e-10,4.6107144458e-08,-4.2058344840e-08,3.2340414809e-06,2.7052878408e-08,2.3144290895e-07,3.2994517575e-06,2.9229721149e-07,1.9647876789e-06,1.9723715266e-06,2.6546249286e-06,6.9614515305e+00,7.7349461450e+01,9.8498985436e-01,1.1441493669e-06,9.0000000000e-02,-8.6144303777e+01,-2.2652215413e+00,8.6144291061e+01,2.2652457615e+00,-2.2652673892e+00,1.3645385558e+02,2.2652788329e+00,-1.3645387706e+02,6.6163679714e-11,-9.3400474548e-11,3.4253058141e-08,4.6107144458e-08,6,6,3.0000000000e-01,3.0000000000e-01,3.0000000000e-01,3.0000000000e-02,1.0000000000e+00,1.0000000000e+00,10,8,NNe1,NC_k0008
