FrameID,StepTime,Nsamples,F11,F12,F21,F22,P11,P12,P21,P22,G111,G112,G121,G122,G211,G212,G221,G222,Q111,Q112,Q121,Q122,Q211,Q212,Q221,Q222,ALLSE_mean,W_mean,Jmin,FfitResid,Area,RF_Left_X,RF_Left_Y,RF_Right_X,RF_Right_Y,RF_Bottom_X,RF_Bottom_Y,RF_Top_X,RF_Top_Y,NX,NY,Lx_tot,Ly_tot,Rfrac,meshFrac,kappaMat,Elongation,NFRAMES,CaseID,MaterialID,LoadCase
0,0.00000000,1,1.0000000000e+00,0.0000000000e+00,0.0000000000e+00,1.0000000000e+00,0.0000000000e+00,0.0000000000e+00,0.0000000000e+00,0.0000000000e+00,0.0000000000e+00,0.0000000000e+00,0.0000000000e+00,0.0000000000e+00,0.0000000000e+00,0.0000000000e+00,0.0000000000e+00,0.0000000000e+00,0.0000000000e+00,0.0000000000e+00,0.0000000000e+00,0.0000000000e+00,0.0000000000e+00,0.0000000000e+00,0.0000000000e+00,0.0000000000e+00,0.0000000000e+00,0.0000000000e+00,1.0000000000e+00,0.0000000000e+00,9.0000000000e-02,0.0000000000e+00,0.0000000000e+00,0.0000000000e+00,0.0000000000e+00,0.0000000000e+00,0.0000000000e+00,0.0000000000e+00,0.0000000000e+00,6,6,3.0000000000e-01,3.0000000000e-01,3.0000000000e-01,3.0000000000e-02,1.0000000000e-02,1.0000000000e+00,10,24,NNe1,NC_k0024
1,0.10000000,1,9.9673919834e-01,2.0455217006e-03,2.0455228818e-03,9.9040542062e-01,-8.3892372711e+00,1.2729832978e+00,1.2722214568e+00,-1.4174250860e+01,-4.1800135337e-02,-8.9625265535e-02,-8.9625242687e-02,1.0624477242e-01,1.0896285109e-02,1.8590504946e-02,1.8590492480e-02,4.9862324058e-02,-3.6522364675e-01,-7.5707774996e-01,-1.8988786318e-01,3.1058167101e-01,-1.9923462613e-01,3.1807920140e-01,5.5074986351e-02,2.2361428102e-01,1.4305061661e-02,1.5894512956e-01,9.5462330247e-01,7.8550508707e-03,9.0000000000e-02,2.6085814198e-01,-1.8695866265e+00,-4.9856607864e+00,-9.3850473704e-01,1.8709506623e+00,5.7455202028e+00,2.8444004958e+00,-2.9394349834e+00,6,6,3.0000000000e-01,3.0000000000e-01,3.0000000000e-01,3.0000000000e-02,1.0000000000e-02,1.0000000000e+00,10,24,NNe1,NC_k0024
2,0.20000000,1,9.9347839669e-01,4.0910434012e-03,4.0910457636e-03,9.8081084125e-01,-1.6966456221e+01,2.5544806037e+00,2.5507574204e+00,-2.8554959316e+01,-8.2913259204e-02,-1.7925053107e-01,-1.7925048537e-01,2.1317655630e-01,2.1526927182e-02,3.7181009892e-02,3.7180984959e-02,9.9459005079e-02,-7.2785897887e-01,-1.5265307696e+00,-3.7069672400e-01,6.1667414361e-01,-4.0860855989e-01,6.4708285019e-01,1.1785918639e-01,4.5969776117e-01,5.7434387505e-02,6.3815986117e-01,9.1037957557e-01,1.6091758502e-02,9.0000000000e-02,5.9622469761e-01,-3.8214315843e+00,-1.0040850224e+01,-1.9545939335e+00,3.6954059757e+00,1.1659112003e+01,5.7310581473e+00,-5.8865886481e+00,6,6,3.0000000000e-01,3.0000000000e-01,3.0000000000e-01,3.0000000000e-02,1.0000000000e-02,1.0000000000e+00,10,24,NNe1,NC_k0024
3,0.30000001,1,9.9021759503e-01,6.1365651018e-03,6.1365686453e-03,9.7121626187e-01,-2.5712541970e+01,3.8389593569e+00,3.8289304552e+00,-4.3119556940e+01,-1.2324613073e-01,-2.6887579660e-01,-2.6887572806e-01,3.2088859253e-01,3.1802853525e-02,5.5771514837e-02,5.5771477439e-02,1.4870097037e-01,-1.0870331716e+00,-2.3083317868e+00,-5.4178695913e-01,9.1714745226e-01,-6.2820512957e-01,9.8646765582e-01,1.8882314302e-01,7.0853173238e-01,1.2967714667e-01,1.4408571853e+00,8.6722139852e-01,2.4743680929e-02,9.0000000000e-02,1.0046987064e+00,-5.8573026502e+00,-1.5155984182e+01,-3.0508225280e+00,5.4703323943e+00,1.7737661712e+01,8.6547467296e+00,-8.8339376787e+00,6,6,3.0000000000e-01,3.0000000000e-01,3.0000000000e-01,3.0000000000e-02,1.0000000000e-02,1.0000000000e+00,10,24,NNe1,NC_k0024
4,0.40000001,1,9.8695679337e-01,8.1820868024e-03,8.1820915271e-03,9.6162168249e-01,-3.4604056674e+01,5.1197286189e+00,5.0986834368e+00,-5.7839923236e+01,-1.6269581011e-01,-3.5850106214e-01,-3.5850097075e-01,4.2948382090e-01,4.1618985143e-02,7.4362019783e-02,7.4361969918e-02,1.9748314094e-01,-1.4417118756e+00,-3.1021825517e+00,-7.0255494488e-01,1.2107118985e+00,-8.5803189188e-01,1.3354568100e+00,2.6840957789e-01,9.7033594594e-01,2.3127052188e-01,2.5696724653e+00,8.2506907074e-01,3.3847203422e-02,9.0000000000e-02,1.4845335836e+00,-7.9783669685e+00,-2.0319355234e+01,-4.2294629214e+00,7.1923028174e+00,2.3976080685e+01,1.1608869751e+01,-1.1772942872e+01,6,6,3.0000000000e-01,3.0000000000e-01,3.0000000000e-01,3.0000000000e-02,1.0000000000e-02,1.0000000000e+00,10,24,NNe1,NC_k0024
5,0.50000000,1,9.8369599171e-01,1.0227608503e-02,1.0227614409e-02,9.5202710312e-01,-4.3612387625e+01,6.3886891633e+00,6.3503017039e+00,-7.2681239888e+01,-2.0114245955e-01,-4.4812632767e-01,-4.4812621343e-01,5.3908207922e-01,5.0849581819e-02,9.2952524729e-02,9.2952462398e-02,2.4567977656e-01,-1.7906163288e+00,-3.9074623647e+00,-8.5244298960e-01,1.4958902495e+00,-1.0979917246e+00,1.6929927228e+00,3.5703252825e-01,1.2452387502e+00,3.6238661408e-01,4.0265179343e+00,7.8379564267e-01,4.3442567442e-02,9.0000000000e-02,2.0335595156e+00,-1.0185024171e+01,-2.5516301143e+01,-5.4924041849e+00,8.8573471587e+00,3.0366645685e+01,1.4584832956e+01,-1.4693553007e+01,6,6,3.0000000000e-01,3.0000000000e-01,3.0000000000e-01,3.0000000000e-02,1.0000000000e-02,1.0000000000e+00,10,24,NNe1,NC_k0024
6,0.60000002,1,9.8043519006e-01,1.2273130204e-02,1.2273137291e-02,9.4243252374e-01,-5.2702851131e+01,7.6362071291e+00,7.5722648970e+00,-8.7600928198e+01,-2.3844779436e-01,-5.3775159321e-01,-5.3775145612e-01,6.4982165216e-01,5.9344959435e-02,1.1154302967e-01,1.1154295488e-01,2.9314119313e-01,-2.1321946666e+00,-4.7231541063e+00,-9.9096540137e-01,1.7710031908e+00,-1.3478622453e+00,2.0577023503e+00,4.5504680289e-01,1.5332518210e+00,5.2311694622e-01,5.8124105136e+00,7.4151784975e-01,5.3574133323e-02,9.0000000000e-02,2.6489972010e+00,-1.2476656521e+01,-3.0728671305e+01,-6.8409836524e+00,1.0460961187e+01,3.6898523203e+01,1.7571691628e+01,-1.7584173676e+01,6,6,3.0000000000e-01,3.0000000000e-01,3.0000000000e-01,3.0000000000e-02,1.0000000000e-02,1.0000000000e+00,10,24,NNe1,NC_k0024
7,0.69999999,1,9.7717438840e-01,1.4318651904e-02,1.4318660172e-02,9.3283794437e-01,-6.1833487470e+01,8.8509830621e+00,8.7511492618e+00,-1.0254734105e+02,-2.7445154720e-01,-6.2737685874e-01,-6.2737669881e-01,7.6186280708e-01,6.6927298079e-02,1.3013353462e-01,1.3013344736e-01,3.3968957072e-01,-2.4645604594e+00,-5.5477454740e+00,-1.1177374656e+00,2.0341488026e+00,-1.6072680173e+00,2.4278649322e+00,5.6271539646e-01,1.8342354547e+00,7.1345412731e-01,7.9272680812e+00,6.9845965063e-01,6.4291006620e-02,9.0000000000e-02,3.3271910379e+00,-1.4851292916e+01,-3.5933843398e+01,-8.2757528480e+00,1.1998076626e+01,4.3557103763e+01,2.0555463438e+01,-2.0431572457e+01,6,6,3.0000000000e-01,3.0000000000e-01,3.0000000000e-01,3.0000000000e-02,1.0000000000e-02,1.0000000000e+00,10,24,NNe1,NC_k0024
8,0.80000001,1,9.7391358674e-01,1.6364173605e-02,1.6364183054e-02,9.2324336499e-01,-7.0952938712e+01,1.0019645435e+01,9.8715131881e+00,-1.1745770524e+02,-3.0895616871e-01,-7.1700212428e-01,-7.1700194149e-01,8.7540309331e-01,7.3380655575e-02,1.4872403957e-01,1.4872393984e-01,3.8510896717e-01,-2.7852707034e+00,-6.3790663346e+00,-1.2324941186e+00,2.2831280388e+00,-1.8756190135e+00,2.8013735278e+00,6.8020043377e-01,2.1478183605e+00,9.3326932192e-01,1.0369659132e+01,6.5312784265e-01,7.5650214823e-02,9.0000000000e-02,4.0633093455e+00,-1.7304930066e+01,-4.1101769544e+01,-9.7960536675e+00,1.3462758507e+01,5.0322664847e+01,2.3516700745e+01,-2.3220388743e+01,6,6,3.0000000000e-01,3.0000000000e-01,3.0000000000e-01,3.0000000000e-02,1.0000000000e-02,1.0000000000e+00,10,24,NNe1,NC_k0024
9,0.89999998,1,9.7065278509e-01,1.8409695305e-02,1.8409705936e-02,9.1364878561e-01,-7.9997499281e+01,1.1127463251e+01,1.0918092864e+01,-1.3225696029e+02,-3.4175051013e-01,-8.0662738981e-01,-8.0662718418e-01,9.9065365965e-01,7.8457733535e-02,1.6731454451e-01,1.6731443232e-01,4.2915208407e-01,-3.0913409851e+00,-7.2139033987e+00,-1.3351865818e+00,2.5154891138e+00,-2.1519944554e+00,3.1759675784e+00,8.0748923493e-01,2.4734710673e+00,1.1822804213e+00,1.3136449125e+01,6.0305686796e-01,8.7716973765e-02,9.0000000000e-02,4.8501203486e+00,-1.9831034133e+01,-4.6188154906e+01,-1.1399233824e+01,1.4848906796e+01,5.7170476389e+01,2.6424459694e+01,-2.5935439589e+01,6,6,3.0000000000e-01,3.0000000000e-01,3.0000000000e-01,3.0000000000e-02,1.0000000000e-02,1.0000000000e+00,10,24,NNe1,NC_k0024
